{"train_loss": 6.629666366029194, "val loss": 6.629666366029194, "smoothed val loss": 7.114866479392191, "_timestamp": 1700865643.4620702, "_runtime": 2846.3964891433716, "_step": 1}