{"train_loss": 1.3303288303996692, "val loss": 1.3303288303996692, "smoothed val loss": 2.113508278892763, "_timestamp": 1700865489.0863693, "_runtime": 32338.81143426895, "_step": 24}