{"train_loss": 1.2909304436486417, "val loss": 1.2909304436486417, "smoothed val loss": 2.0131248416471337, "_timestamp": 1700866785.2148283, "_runtime": 33634.9398932457, "_step": 25}